{"AL": 54.18478983690378, "AR": 51.80768985525729, "AZ": 37.6148206027457, "CA": 18.693777367909398, "CO": 23.041369524252755, "CT": 26.38054764368124, "DC": 52.17801117619336, "DE": 21.665538253215978, "FL": 29.71957596603254, "GA": 48.473042145314196, "IA": 26.80892232017624, "ID": 27.011383368705385, "IL": 24.964194673372564, "IN": 36.43032789080902, "KS": 31.25167052515143, "KY": 41.83816238097179, "LA": 48.23732765204807, "MA": 20.726386574326078, "MD": 30.94486377987329, "ME": 20.492791359274797, "MI": 29.81006728558044, "MN": 20.486373221638065, "MO": 39.32492216942487, "MS": 55.89941346122688, "MT": 43.47937287398655, "NC": 45.867460908414, "ND": 28.527007944771714, "NE": 27.844811583441622, "NH": 22.610165054204895, "NJ": 35.00939017044045, "NM": 38.51526901936208, "NV": 24.632529378538273, "NY": 33.27199790938702, "OH": 33.60794465452461, "OK": 33.02091226166714, "OR": 28.415750850696543, "PA": 25.606938935623067, "RI": 26.637132162234156, "SC": 43.151506685989226, "SD": 37.724460540214274, "TN": 49.76118137249749, "TX": 36.039468655975334, "UT": 19.759184933621487, "VA": 41.630668821314906, "WA": 27.16277162771628, "WI": 23.996346963879674, "WV": 44.45834911330292, "WY": 45.850527281063734}